title,image,link,date,language,source
Guerre en Ukraine : le point sur la journée du 31 mai 2022,,https://fr.euronews.com//2022/05/31/direct-guerre-en-ukraine-les-derniers-developpements,09/06/2022,fr,euronews
"Business Céréales bloquées en Ukraine : Kyiv veut exclure la Russie de la FAO Le président ukrainien, Volodymyr Zelensky, réclame l'exclusion de la Russie de l'Organisation des Nations Unies pour l'alimentation et l'agriculture (FAO). Détresse alimentaire : 193 millions de personnes concernées dans le monde selon la FAO Des jeunes mobilisés pour l'agriculture durable Faim dans le monde : la pandémie aggrave l'insécurité alimentaire",,https://fr.euronews.com//2022/06/09/cereales-bloquees-en-ukraine-kiev-demande-l-exclusion-de-la-russie-de-la-fao,09/06/2022,fr,euronews
monde Zone euro : la BCE confirme la prochaine hausse de ses taux,,https://fr.euronews.com//2022/06/09/zone-euro-la-bce-releve-ses-previsions-d-inflation-a-3-5-en-2023-et-2-1-en-2024,09/06/2022,fr,euronews
France Élections législatives en France : Emmanuel Macron en quête de majorité,,https://fr.euronews.com//2022/06/09/elections-legislatives-en-france-emmanuel-macron-en-quete-de-majorite,09/06/2022,fr,euronews
"monde Au lendemain du drame à Berlin, le conducteur de la voiture bélier interné en psychiatrie",,https://fr.euronews.com//2022/06/09/au-lendemain-du-drame-a-berlin-le-conducteur-de-la-voiture-belier-interne-en-psychiatrie,09/06/2022,fr,euronews
"France Chaos au Stade de France : auditions au Sénat, versions divergentes",,https://fr.euronews.com//2022/06/09/chaos-au-stade-de-france-la-prefecture-de-police-de-paris-reconnait-un-echec,09/06/2022,fr,euronews
Europe News La guerre en Ukraine et ses menaces alimentaires à l'échelle mondiale,https://static.euronews.com/articles/stories/06/76/57/92/210x118_cmsv2_b903e7e8-42de-5a53-8685-b56fceb23a2c-6765792.jpg,https://fr.euronews.com//my-europe/2022/06/09/la-guerre-en-ukraine-et-ses-menaces-alimentaires-a-l-echelle-mondiale,09/06/2022,fr,euronews
France La dépouille du journaliste français tué en Ukraine rapatriée à Paris,https://static.euronews.com/articles/stories/06/76/50/34/210x118_cmsv2_20808cc0-46e8-5587-b9e3-c7dd3f3bd8ca-6765034.jpg,https://fr.euronews.com//2022/06/09/la-depouille-du-journaliste-francais-tue-en-ukraine-rapatriee-a-paris,09/06/2022,fr,euronews
"Ukraine Guerre en Ukraine : ""le sort"" du Donbass se joue à Severodonetsk selon Zelensky",https://static.euronews.com/articles/stories/06/76/38/94/210x118_cmsv2_2642d8c5-d79a-5eff-81aa-87af477bd339-6763894.jpg,https://fr.euronews.com//2022/06/09/guerre-en-ukraine-le-sort-du-donbass-se-joue-a-severodonetsk-selon-zelensky,09/06/2022,fr,euronews
real economy L'UE anticipe une croissance plus faible sur fond d'inflation,https://static.euronews.com/articles/stories/06/71/75/68/210x118_cmsv2_67273437-67db-555d-989b-e98763f7e342-6717568.jpg,https://fr.euronews.com//next/2022/06/08/l-ue-anticipe-une-croissance-plus-faible-sur-fond-d-inflation-liee-a-la-guerre-en-ukraine,09/06/2022,fr,euronews
Séries La culture de la moto monte en puissance à Dubaï,https://static.euronews.com/articles/stories/06/69/44/22/210x118_cmsv2_a2fec100-54e6-5c4c-aed0-f67db4b364f5-6694422.jpg,https://fr.euronews.com//voyages/2022/06/07/la-culture-de-la-moto-monte-en-puissance-a-dubai,09/06/2022,fr,euronews
Cult InClassica 2022 : le festival international de musique touche à sa fin,https://static.euronews.com/articles/stories/06/74/54/86/210x118_cmsv2_4192d83c-fbc8-5ed3-bcc4-9a57777d7b1c-6745486.jpg,https://fr.euronews.com//culture/2022/06/06/inclassica-2022-le-11eme-festival-international-de-musique-classique-touche-a-sa-fin,09/06/2022,fr,euronews
"Iran L'Iran éteint 27 caméras de surveillance dans ses sites nucléaires, en signe de protestation",https://static.euronews.com/articles/stories/06/76/58/66/400x225_cmsv2_17b1e5f6-f6e3-5536-bca3-8f47074efb4f-6765866.jpg,https://fr.euronews.com//2022/06/09/l-iran-eteint-27-cameras-de-surveillance-dans-ses-sites-nucleaires-en-signe-de-protestatio,09/06/2022,fr,euronews
monde Balkans : Un sommet à trois pour favoriser l'intégration dans l'UE,https://static.euronews.com/articles/stories/06/76/50/16/400x225_cmsv2_85e04a7b-3e41-5a19-8ee0-6045bda6f356-6765016.jpg,https://fr.euronews.com//2022/06/09/balkans-un-sommet-a-trois-pour-favoriser-leur-integration-dans-l-ue,09/06/2022,fr,euronews
Brésil Journaliste britannique disparu au Brésil: un suspect arrêté,https://static.euronews.com/articles/stories/06/76/50/28/400x225_cmsv2_cf825462-cf5b-5af5-a7fe-20a98d39840a-6765028.jpg,https://fr.euronews.com//2022/06/09/au-bresil-les-recherches-se-poursuivent-pour-retrouver-le-journaliste-britannique,09/06/2022,fr,euronews
monde L'Algérie rompt son accord d'amitié avec l'Espagne,https://static.euronews.com/articles/stories/06/76/49/30/400x225_cmsv2_e3e42b1d-97dc-5591-8505-f3cb8b85b9b9-6764930.jpg,https://fr.euronews.com//2022/06/09/l-algerie-rompt-son-accord-d-amitie-avec-l-espagne-a-cause-d-un-desaccord-sur-le-sahara,09/06/2022,fr,euronews
France Grève et vols annulés à l'aéroport de Paris-Charles de Gaulle,https://static.euronews.com/articles/stories/06/76/54/86/400x225_cmsv2_403f9574-92d3-5ed2-8e5d-08faacd6944b-6765486.jpg,https://fr.euronews.com//2022/06/09/greve-et-vols-annules-a-l-aeroport-de-paris-charles-de-gaulle,09/06/2022,fr,euronews
Nature Préserver la montagne face à la fréquentation touristique,https://static.euronews.com/articles/stories/06/70/88/84/400x225_cmsv2_975a59e2-91bf-532c-90f4-415aad967a1a-6708884.jpg,https://fr.euronews.com//green/2022/06/09/preserver-la-montagne-face-a-la-frequentation-touristique,09/06/2022,fr,euronews
"Cult 50 ans après, la photo de la petite fille brûlée au napalm au Vietnam est toujours aussi forte",https://static.euronews.com/articles/stories/06/76/27/66/400x225_cmsv2_5b744057-25c1-53c4-a4bc-d3313d189756-6762766.jpg,https://fr.euronews.com//culture/2022/06/08/50-ans-apres-la-photo-de-la-petite-fille-brulee-au-napalm-au-vietnam-est-toujours-aussi-fo,09/06/2022,fr,euronews
France Législatives en France : comment ça marche ?,https://static.euronews.com/articles/stories/06/76/11/02/400x225_cmsv2_f4ec7375-801f-5382-8829-d2b5e795f10c-6761102.jpg,https://fr.euronews.com//2022/06/08/legislatives-en-france-comment-ca-marche,09/06/2022,fr,euronews
no comment Les derviches tourneurs égyptiens illuminent les nuits du Caire,https://static.euronews.com/articles/stories/06/76/53/70/400x225_cmsv2_7dd909a7-a014-5b38-902f-1fcb5af56853-6765370.jpg,https://fr.euronews.com//video/2022/06/09/les-derviches-tourneurs-egyptiens-illuminent-les-nuits-du-caire,09/06/2022,fr,euronews
"no comment En graffitis, l'histoire et la culture du Bénin sur plus d'un kilomètre de long à Cotonou",https://static.euronews.com/articles/stories/06/76/59/52/400x225_cmsv2_f3371b7b-18fd-5389-a17d-835da6f1a9b5-6765952.jpg,https://fr.euronews.com//video/2022/06/09/en-graffitis-l-histoire-et-la-culture-du-benin-sur-plus-d-un-kilometre-de-long-a-cotonou,09/06/2022,fr,euronews
"France Le Saint Jérome de Léonard de Vinci, tableau inachevé qui porte l'empreinte du maître, en France",https://static.euronews.com/articles/stories/06/76/30/58/400x225_cmsv2_028e1201-a677-5fe8-9268-f898cfd6eb68-6763058.jpg,https://fr.euronews.com//2022/06/08/le-saint-jerome-de-leonard-de-vinci-tableau-inacheve-qui-porte-l-empreinte-du-maitre-en-fr,09/06/2022,fr,euronews
France Les grandes dates de la présidence française du Conseil de l'UE,https://static.euronews.com/articles/stories/06/28/63/40/400x225_cmsv2_35cf13d6-7645-52a3-bd98-12ff70fdedc1-6286340.jpg,https://fr.euronews.com//2022/01/13/les-grandes-dates-de-la-presidence-francaise-du-conseil-de-l-union-europeenne,09/06/2022,fr,euronews
monde Une entreprise qui fait le choix de supprimer les horaires de bureau,https://static.euronews.com/articles/stories/06/76/19/08/400x225_cmsv2_9abd6f63-cb41-56ef-a15c-9d64963a58ae-6761908.jpg,https://fr.euronews.com//2022/06/08/dans-cette-entreprise-les-employes-peuvent-arriver-tard-partir-tot-ou-tout-simplement-ne-p,09/06/2022,fr,euronews
"Top News Stories Today L’info du jour | 9 juin - Mi-journée Suivez les derniers développements de l'actualité en Europe et dans le monde. Retrouvez les dernières infos sur la politique, l'économie, la culture et le divertissement.",https://static.euronews.com/articles/stories/06/76/56/54/210x118_screenshot_1200_15_6765654.jpg,https://fr.euronews.com//video/2022/06/09/linfo-du-jour-9-juin-mi-journee,09/06/2022,fr,euronews
"A Singapour, un festival pour mettre en lumière le développement durable",https://static.euronews.com/articles/stories/06/76/54/20/400x225_cmsv2_5215ea89-88d3-56b7-9d64-960089eb6238-6765420.jpg,https://fr.euronews.com//video/2022/06/09/a-singapour-un-festival-pour-mettre-en-lumiere-le-developpement-durable,09/06/2022,fr,euronews
"Les travailleurs russes nettoient la ville de Marioupol, dévastée par les bombardements russes",https://static.euronews.com/articles/stories/06/74/24/10/400x225_cmsv2_84ea00a6-e5c5-54c4-ae06-fe70f8a84733-6742410.jpg,https://fr.euronews.com//video/2022/06/09/les-travailleurs-russes-nettoient-la-ville-de-marioupol-devastee-par-les-bombardements-rus,09/06/2022,fr,euronews
La centrale de Tricastin dans le viseur de la justice : des incidents ont-ils été dissimulés?,https://static.euronews.com/articles/stories/06/76/54/16/400x225_cmsv2_148b7f13-6944-5d9d-88d1-8398b3787c7c-6765416.jpg,https://fr.euronews.com//video/2022/06/09/la-centrale-de-tricastin-dans-le-viseur-de-la-justice-des-incidents-ont-ils-ete-dissimules,09/06/2022,fr,euronews
Journée mondiale de l'océan au Brésil : une chaîne humaine géante pour protéger la planète,https://static.euronews.com/articles/stories/06/76/55/76/400x225_cmsv2_9e010edf-9007-5f9a-9b94-e2411b48910b-6765576.jpg,https://fr.euronews.com//video/2022/06/09/journee-mondiale-de-l-ocean-au-bresil-une-chaine-humaine-geante-pour-proteger-la-planete,09/06/2022,fr,euronews
Démocratie et immigration au menu du Sommet des Amériques,https://static.euronews.com/articles/stories/06/76/41/22/400x225_cmsv2_1ff29940-664f-5ec4-b54c-d6d455f4e25e-6764122.jpg,https://fr.euronews.com//video/2022/06/09/democratie-et-immigration-au-menu-du-sommet-des-ameriques,09/06/2022,fr,euronews
Nouveaux pirates Vs superyachts et cybersécurité,https://static.euronews.com/articles/stories/06/58/91/34/400x225_cmsv2_20df96e7-4d9f-5c4e-b5cc-265f2b9f343e-6589134.jpg,https://fr.euronews.com//video/2022/04/11/nouveaux-pirates-vs-superyachts-et-cybersecurite,09/06/2022,fr,euronews
Dubaï est aux petits soins pour les animaux de compagnie,https://static.euronews.com/articles/stories/06/48/87/30/400x225_cmsv2_d79d1590-184c-57ad-96cb-069cbd224dc5-6488730.jpg,https://fr.euronews.com//video/2022/02/25/dubai-est-aux-petits-soins-pour-les-animaux-de-compagnie,09/06/2022,fr,euronews
"Ludovic Tezier illumine « Simon Boccanegra », l’œuvre sombre de Giuseppe Verdi",https://static.euronews.com/articles/stories/06/28/48/86/400x225_cmsv2_b5690cd8-a8c6-55ab-aae2-5213e4245406-6284886.jpg,https://fr.euronews.com//video/2021/12/23/ludovic-tezier-illumine-simon-boccanegra-l-uvre-sombre-de-giuseppe-verdi,09/06/2022,fr,euronews
Europe News L'Office européen de lutte antifraude présente son bilan annuel,https://static.euronews.com/articles/stories/06/76/25/98/400x225_cmsv2_25287449-8891-509c-bc57-f4792136ba41-6762598.jpg,https://fr.euronews.com//my-europe/2022/06/08/l-office-europeen-de-lutte-antifraude-presente-son-bilan-annuel,09/06/2022,fr,euronews
monde Ukraine : Guterres tire la sonnette d'alarme sur la crise alimentaire,https://static.euronews.com/articles/stories/06/76/39/64/400x225_cmsv2_59e4ae98-67f5-54b7-aed2-306f4baa75e9-6763964.jpg,https://fr.euronews.com//2022/06/09/l-onu-la-guerre-menace-de-declencher-une-vague-sans-precedent-de-faim-et-de-misere,09/06/2022,fr,euronews
Business Le jazzman Gregory Hutchinson sur les traces de ses ancêtres en Angola,https://static.euronews.com/articles/stories/06/73/75/20/400x225_cmsv2_6e432d10-469d-56cb-9389-90822c034333-6737520.jpg,https://fr.euronews.com//2022/06/03/le-jazzman-americain-gregory-hutchinson-sur-les-traces-de-ses-ancetres-en-angola,09/06/2022,fr,euronews
Sport Procès de Sepp Blatter et Michel Platini : l'audition suspendue pour raisons de santé,https://static.euronews.com/articles/stories/06/76/31/54/400x225_cmsv2_4a57eaf0-5ca6-5bad-9532-103525050780-6763154.jpg,https://fr.euronews.com//2022/06/08/proces-de-sepp-blatter-et-michel-platini-l-audition-suspendue-pour-raisons-de-sante,09/06/2022,fr,euronews
"Ludovic Tezier illumine « Simon Boccanegra », l’œuvre sombre de Giuseppe Verdi",https://static.euronews.com/articles/stories/06/28/48/86/400x225_cmsv2_b5690cd8-a8c6-55ab-aae2-5213e4245406-6284886.jpg,https://fr.euronews.com//culture/2021/12/23/ludovic-tezier-illumine-simon-boccanegra-l-uvre-sombre-de-giuseppe-verdi,09/06/2022,fr,euronews
Santé Quels pays utilisent les vaccins contre la variole du singe ?,https://static.euronews.com/articles/stories/06/74/31/96/400x225_cmsv2_e6a2614d-fddd-52a4-ac19-756720355e16-6743196.jpg,https://fr.euronews.com//next/2022/06/08/variole-du-singe-existe-t-il-un-vaccin,09/06/2022,fr,euronews
"Nature La ""licorne asiatique"", espèce la plus en danger au monde",https://static.euronews.com/articles/stories/06/71/33/88/400x225_cmsv2_f18354d5-536e-5d8a-bcdd-a3ee2b5d9dce-6713388.jpg,https://fr.euronews.com//green/2022/06/03/quelles-sont-les-10-especes-animales-au-bord-de-l-extinction-en-2022,09/06/2022,fr,euronews
Actualité des voyages Exclusif : Venise retarde sa taxe contre le surtourisme,https://static.euronews.com/articles/stories/06/73/70/56/400x225_cmsv2_3b5067f8-4f13-56a9-a8da-01d8dacd95fe-6737056.jpg,https://fr.euronews.com//voyages/2022/05/27/venise-l-entree-en-vigueur-de-la-taxe-contre-le-surtourisme-repoussee-a-2023,09/06/2022,fr,euronews
Cult Rendez-vous : le meilleur de la culture en Europe,https://static.euronews.com/articles/stories/06/74/64/96/400x225_cmsv2_102d3ed4-af2f-5256-8f54-7c8b4effdce4-6746496.jpg,https://fr.euronews.com//culture/2022/06/02/rendez-vous-le-meilleur-de-la-culture-en-europe,09/06/2022,fr,euronews
"Ukraine war live: 'Impossible' to evacuate civilians, says Sievierodonetsk mayor",,https://www.euronews.com//2022/06/09/ukraine-war-live-world-is-supposed-to-weaken-russia-says-zelenskyy,09/06/2022,en,euronews
"Russia Britons sentenced to death for fighting with Ukraine's army Two British men and one Moroccan were found guilty of mercenary activities and terrorism. Lavrov to Ukraine: De-mine your ports and we'll let grain exports out 'No one will give up Sievierodonetsk,' says governor of Luhansk region Ukrainian forces 'holding on' in Sievierodonetsk, says Zelenskyy",,https://www.euronews.com//2022/06/09/britons-sentenced-to-death-for-fighting-with-ukraine-s-army,09/06/2022,en,euronews
Europe News Eurozone to get its first interest rate hike in 11 years next month,,https://www.euronews.com//my-europe/2022/06/09/eurozone-to-get-its-first-interest-rate-hike-in-11-years-next-month,09/06/2022,en,euronews
"Ukraine A decade on, Ukraine's Euro 2012 memories are scarred by war",,https://www.euronews.com//2022/06/09/a-decade-on-ukraine-s-euro-2012-memories-are-scarred-by-war,09/06/2022,en,euronews
Nature Why we need to save ugly fish from extinction,,https://www.euronews.com//green/2022/06/09/ugliest-fish-in-the-world-here-s-why-saving-odd-looking-species-from-extinction-is-crucial,09/06/2022,en,euronews
real economy How the war in Ukraine is hitting Europe's economy,https://static.euronews.com/articles/stories/06/71/75/68/210x118_cmsv2_67273437-67db-555d-989b-e98763f7e342-6717568.jpg,https://www.euronews.com//next/2022/06/08/why-war-in-ukraine-is-hitting-europe-s-economy-so-hard,09/06/2022,en,euronews
Series Two wheels better than four: Dubai's growing passion for motorbikes,https://static.euronews.com/articles/stories/06/69/44/22/210x118_cmsv2_a2fec100-54e6-5c4c-aed0-f67db4b364f5-6694422.jpg,https://www.euronews.com//travel/2022/06/07/two-wheels-better-than-four-dubai-s-growing-passion-for-the-world-of-motorbikes,09/06/2022,en,euronews
Cult 2022 InClassica International Music Festival draws to a close in Dubai,https://static.euronews.com/articles/stories/06/74/54/86/210x118_cmsv2_4192d83c-fbc8-5ed3-bcc4-9a57777d7b1c-6745486.jpg,https://www.euronews.com//culture/2022/06/06/2022-inclassica-international-music-festival-draws-to-a-close-in-dubai,09/06/2022,en,euronews
Germany Investigators question 'mentally ill' driver after Berlin car rampage,https://static.euronews.com/articles/stories/06/76/54/50/400x225_cmsv2_9b0700be-8b57-5a40-9e19-7e3445404c60-6765450.jpg,https://www.euronews.com//2022/06/09/teacher-killed-and-14-of-her-students-injured-in-berlin-crash,09/06/2022,en,euronews
Eco-Innovation World’s largest vertical farm could help the UK cut food miles,https://static.euronews.com/articles/stories/06/76/62/70/400x225_cmsv2_7ff7ddee-9429-5c1b-a93d-f20ddf422131-6766270.jpg,https://www.euronews.com//green/2022/06/09/world-s-largest-vertical-farm-is-being-built-in-the-uk-and-it-s-the-size-of-96-tennis-cour,09/06/2022,en,euronews
Portugal Nearly all of Portugal in 'severe' drought after hottest May on record,https://static.euronews.com/articles/stories/06/76/62/68/400x225_cmsv2_b32914aa-b026-5f60-ab73-b9891d6f0ead-6766268.jpg,https://www.euronews.com//2022/06/09/nearly-all-of-portugal-in-severe-drought-after-hottest-may-on-record,09/06/2022,en,euronews
Destinations The cleanest place to swim in Europe may surprise you,https://static.euronews.com/articles/stories/06/76/32/96/400x225_cmsv2_30b9a1bd-f3fa-5743-ad42-1a534c8ba90d-6763296.jpg,https://www.euronews.com//travel/2022/06/09/austria-voted-the-cleanest-place-to-swim-in-europe-here-are-5-wild-spots-to-take-a-dip,09/06/2022,en,euronews
Uncovering Europe Meet the anarchists and anti-fascists fighting Russia in Ukraine,https://static.euronews.com/articles/stories/06/76/01/40/400x225_cmsv2_88dadb5f-2567-558a-9a2e-5cd25de7f387-6760140.jpg,https://www.euronews.com//my-europe/2022/06/09/meet-the-motley-crew-of-anarchists-and-anti-fascists-fighting-russia-in-ukraine,09/06/2022,en,euronews
Work Is the party over for fast grocery delivery apps?,https://static.euronews.com/articles/stories/06/74/23/08/400x225_cmsv2_e989aaf4-e7f8-5fe5-8011-85baf01ab455-6742308.jpg,https://www.euronews.com//next/2022/06/09/gorillas-getir-zapp-fast-grocery-delivery-apps-slash-jobs-after-covid-lockdown-boom,09/06/2022,en,euronews
France Champions League final policing was 'obviously a failure',https://static.euronews.com/articles/stories/06/76/54/48/400x225_cmsv2_5e858bf6-9567-52de-8d5a-6f6b62bedef0-6765448.jpg,https://www.euronews.com//2022/06/09/champions-league-final-policing-was-a-failure-admits-paris-police-chief,09/06/2022,en,euronews
Europe News UK nationals living in EU can't vote or stand in local elections: ECJ,https://static.euronews.com/articles/stories/06/76/52/94/400x225_cmsv2_052e528f-f4a3-57bf-b949-bb44b5d504e5-6765294.jpg,https://www.euronews.com//my-europe/2022/06/09/uk-nationals-residing-in-eu-can-t-vote-or-stand-in-local-elections-says-top-court,09/06/2022,en,euronews
Uncovering Europe Why is Poland's housing market under unprecedented pressure?,https://static.euronews.com/articles/stories/06/76/04/84/210x118_cmsv2_555c47c6-6c4c-554c-8a09-5b79d24da59c-6760484.jpg,https://www.euronews.com//my-europe/2022/06/07/refugees-rates-and-record-inflation-how-poland-s-housing-market-is-under-unprecedented-pre,09/06/2022,en,euronews
Uncovering Europe Swedish hospitality thrown into the spotlight after tweet goes viral,https://static.euronews.com/articles/stories/06/75/82/52/210x118_cmsv2_51cfd568-278b-54d4-a2d6-29d7b1ea5de8-6758252.jpg,https://www.euronews.com//my-europe/2022/06/06/how-a-nondescript-tweet-sparked-a-huge-debate-on-swedish-hospitality,09/06/2022,en,euronews
Uncovering Europe Slovakia makes slow progress in tackling corruption,https://static.euronews.com/articles/stories/06/74/99/86/210x118_cmsv2_f43aa83f-433a-5b2b-a5c8-aa2bd6482e1d-6749986.jpg,https://www.euronews.com//my-europe/2022/06/02/slovakia-makes-slow-progress-in-tackling-corruption,09/06/2022,en,euronews
Health This experimental drug trial saw cancer vanish in every patient,https://static.euronews.com/articles/stories/06/76/04/30/400x225_cmsv2_7d5ebdda-6c77-52a6-9ef7-d2a29016b746-6760430.jpg,https://www.euronews.com//next/2022/06/07/this-breakthrough-drug-trial-saw-cancer-vanish-in-every-patient,09/06/2022,en,euronews
Ukraine The inspiring and moving stories to come out of the Ukraine war,https://static.euronews.com/articles/stories/06/74/66/56/400x225_cmsv2_210a959e-4dbe-5843-80a9-929df41c9c97-6746656.jpg,https://www.euronews.com//2022/06/07/over-100-days-of-war-the-stories-from-ukraine-that-have-moved-and-inspired-the-world,09/06/2022,en,euronews
Ukraine Azov photographer publishes his work just before being taken prisoner,https://static.euronews.com/articles/stories/06/71/31/98/400x225_cmsv2_a01dc125-4e7e-50d0-a268-f78ab9af1366-6713198.jpg,https://www.euronews.com//2022/05/20/azov-photographer-publishes-his-work-just-before-being-taken-prisoner,09/06/2022,en,euronews
Lithuania Lithuanians collect €5 million to buy a Bayraktar drone for Ukraine,https://static.euronews.com/articles/stories/06/73/86/18/400x225_cmsv2_aa60d4d8-f0e6-59ec-9245-4530bccce584-6738618.jpg,https://www.euronews.com//2022/05/28/lithuanians-organise-donation-drive-to-buy-bayraktar-drone-for-ukraine,09/06/2022,en,euronews
The Cube Misleading posts claim the Queen's Jubilee cost taxpayers £1 billion,https://static.euronews.com/articles/stories/06/75/05/50/400x225_cmsv2_f0c018a9-e1ae-5fff-9364-0209b0e1e029-6750550.jpg,https://www.euronews.com//my-europe/2022/06/02/misleading-posts-claim-the-queen-s-platinum-jubilee-cost-taxpayers-1-billion,09/06/2022,en,euronews
Biztech news Scientists test 'living skin' on robot that can heal when cut,https://static.euronews.com/articles/stories/06/76/61/38/400x225_cmsv2_1d5f8957-bf1f-5261-b63d-bc9541719c35-6766138.jpg,https://www.euronews.com//next/2022/06/09/scientists-put-living-skin-on-robotic-finger-that-can-heal-when-cut-and-has-wrinkles-too,09/06/2022,en,euronews
Biztech news A ‘CO2 battery’ could help store solar and wind energy. Here’s how,https://static.euronews.com/articles/stories/06/76/26/84/400x225_cmsv2_ece64364-3944-54cc-b4fc-8ea2e0631404-6762684.jpg,https://www.euronews.com//next/2022/06/08/energy-dome-this-new-battery-uses-co-to-store-wind-and-solar-power,09/06/2022,en,euronews
Work This is how much you could earn in your job if you moved abroad,https://static.euronews.com/articles/stories/06/75/44/68/400x225_cmsv2_d646923c-978f-5c5e-bef1-21f35092d7ba-6754468.jpg,https://www.euronews.com//next/2022/06/04/want-to-live-abroad-as-a-digital-nomad-this-how-much-you-could-earn-in-your-job-in-38-coun,09/06/2022,en,euronews
"View Letter from Indonesia: The EU and Southeast Asian nations are stronger together | View Airlangga Hartarto, co-ordinating minister of economic affairs of the Republic of Indonesia, tells us why he believes the EU should forge stronger economic bonds with his country and its neighbours.",https://static.euronews.com/articles/stories/06/75/07/16/400x225_cmsv2_99bf98cf-3dcf-574e-bd43-b9a1a7ae74cc-6750716.jpg,https://www.euronews.com//2022/06/02/letter-from-indonesia-the-eu-and-southeast-asian-nations-are-stronger-together,09/06/2022,en,euronews
"View Don't let Ukraine war eclipse other humanitarian crises | View Wealthy countries in Europe are using Ukrainian refugees as a pretext to cut their aid budgets just when they're needed most, warns Jan Egeland of the Norwegian Refugee Council.",https://static.euronews.com/articles/stories/06/74/17/86/400x225_cmsv2_1923f1a1-0122-5056-8a03-0655d0f872a1-6741786.jpg,https://www.euronews.com//2022/06/01/don-t-let-ukraine-war-eclipse-other-humanitarian-crises-l-view,09/06/2022,en,euronews
"View Biden foresaw Russia's invasion of Ukraine. So did Syrians | View ""Russian forces entered Syria on 30 September 2015. I have not lost memory of the harrowing events. I knew Putin would invade Ukraine.""",https://static.euronews.com/articles/stories/06/68/90/16/400x225_cmsv2_efa07cf1-54f8-5b4d-9ca4-86f141e6682a-6689016.jpg,https://www.euronews.com//2022/05/09/biden-foresaw-russia-s-invasion-of-ukraine-so-did-syrians-view,09/06/2022,en,euronews
"View 'Ukraine-washing', a new gambit for embattled European politicians From the UK to Romania, leaders have used the Ukraine conflict to shore up their support at home.",https://static.euronews.com/articles/stories/06/68/35/90/400x225_cmsv2_fd788ba7-9bdb-5476-ad20-a977dc284a6f-6683590.jpg,https://www.euronews.com//2022/05/05/how-ukraine-washing-became-the-new-gambit-for-embattled-european-politicians,09/06/2022,en,euronews
Twitter plans shareholder vote on Elon Musk sale,https://static.euronews.com/articles/stories/06/76/58/30/210x118_cmsv2_6d597990-e2ba-566a-809e-87ef4b687c8d-6765830.jpg,https://www.euronews.com//next/2022/06/09/twitter-plans-to-have-shareholder-vote-on-elon-musk-buyout-by-august,09/06/2022,en,euronews
PayPal has a new crypto transfer tool,https://static.euronews.com/articles/stories/06/76/59/32/210x118_cmsv2_28111c34-66c7-5217-acb2-a47714e1c16c-6765932.jpg,https://www.euronews.com//next/2022/06/09/paypal-adds-new-crypto-tool-allowing-some-users-to-move-assets-like-bitcoin-to-external-wa,09/06/2022,en,euronews
EU lawmakers back ban on new combustion engine cars from 2035,https://static.euronews.com/articles/stories/06/76/55/50/210x118_cmsv2_96c191de-26cf-5cee-a207-aade91676f45-6765550.jpg,https://www.euronews.com//next/2022/06/09/eu-parliament-backs-ban-on-new-petrol-and-diesel-combustion-engine-cars-from-2035,09/06/2022,en,euronews
Proving Elon Musk wrong? This Italian company has no set office hours,https://static.euronews.com/articles/stories/06/76/25/04/210x118_cmsv2_aa029974-214a-571b-a89a-5c40d6891531-6762504.jpg,https://www.euronews.com//next/2022/06/08/proving-elon-musk-wrong-this-italian-marketing-company-has-no-set-office-hours,09/06/2022,en,euronews
"Top News Stories Today Latest news bulletin | June 9th – Evening Catch up with the most important stories from around Europe and beyond - latest news, breaking news, World, Business, Entertainment, Politics, Culture, Travel.",https://static.euronews.com/articles/stories/06/76/62/90/210x118_screenshot_1200_15_6766290.jpg,https://www.euronews.com//video/2022/06/09/latest-news-bulletin-june-9th-evening,09/06/2022,en,euronews
Why are footballers playing for longer?,https://static.euronews.com/articles/stories/06/75/31/16/400x225_cmsv2_7ed2eefd-f155-5384-84aa-7609ed80c6b5-6753116.jpg,https://www.euronews.com//video/2022/06/09/why-are-footballers-playing-for-longer,09/06/2022,en,euronews
The war in Ukraine already has its own museum exhibition,https://static.euronews.com/articles/stories/06/76/61/58/400x225_cmsv2_2bcb62c9-b44e-56be-8141-9f743f350df1-6766158.jpg,https://www.euronews.com//video/2022/06/09/the-war-in-ukraine-already-has-its-own-museum-exhibition,09/06/2022,en,euronews
Watch: What has the Common Agricultural Policy brought to the EU?,https://static.euronews.com/articles/stories/06/71/03/94/400x225_cmsv2_3f37abd7-b802-5a97-bb82-61646715089d-6710394.jpg,https://www.euronews.com//video/2022/06/09/watch-what-has-the-common-agricultural-policy-brought-to-the-eu,09/06/2022,en,euronews
"'Russian soldiers drink vodka, we're making music': Ukrainian musician vents rage at war through rap",https://static.euronews.com/articles/stories/06/76/58/84/400x225_cmsv2_ae3fbb24-4439-5d01-8cf6-d625d122cf66-6765884.jpg,https://www.euronews.com//video/2022/06/09/russian-soldiers-drink-vodka-we-re-making-music-ukrainian-musician-vents-rage-at-war-throu,09/06/2022,en,euronews
"Europe at epicentre of the first global energy crisis, says IEA chief",https://static.euronews.com/articles/stories/06/76/56/02/400x225_cmsv2_cc2a12b6-88ce-5833-b8dc-a4cc696aaaf4-6765602.jpg,https://www.euronews.com//video/2022/06/09/europe-at-epicentre-of-the-first-global-energy-crisis-says-iea-chief,09/06/2022,en,euronews
Cannes Film Festival: Ruben Östlund wins second Palme d’Or with ‘Triangle of Sadness’,https://static.euronews.com/articles/stories/06/71/81/06/400x225_cmsv2_5bbafe83-bd7d-5514-98ce-24313f5dcb9f-6718106.jpg,https://www.euronews.com//video/2022/05/30/cannes-film-festival-ruben-ostlund-wins-second-palme-d-or-with-triangle-of-sadness,09/06/2022,en,euronews
A dog’s life for Dubai’s VIPs (very important pets),https://static.euronews.com/articles/stories/06/48/87/30/400x225_cmsv2_d79d1590-184c-57ad-96cb-069cbd224dc5-6488730.jpg,https://www.euronews.com//video/2022/02/25/a-dog-s-life-for-dubai-s-vips-very-important-pets,09/06/2022,en,euronews
"Europe Decoded The EU wants more renewables. For these, it's dependent on China.",https://static.euronews.com/articles/stories/06/76/26/74/400x225_cmsv2_49ea8a3a-ef50-5452-948a-097720a114c8-6762674.jpg,https://www.euronews.com//my-europe/2022/06/09/the-eu-needs-renewables-to-curb-russian-fossil-fuel-dependence-for-these-it-s-dependent-on,09/06/2022,en,euronews
"Spain Spain evacuates 2,000 people in Andalucia as crews tackle wildfire",https://static.euronews.com/articles/stories/06/76/57/38/400x225_cmsv2_5e34c0aa-1623-515c-994f-beda8cbb88c4-6765738.jpg,https://www.euronews.com//2022/06/09/spain-evacuates-2-000-people-in-andalucia-as-authorities-tackle-wildfire,09/06/2022,en,euronews
Work EU sets mandatory 40% quota for women on company boards,https://static.euronews.com/articles/stories/06/76/26/80/400x225_cmsv2_172803fd-f832-501d-b916-07ec05b0d8c2-6762680.jpg,https://www.euronews.com//next/2022/06/08/eu-strikes-deal-to-impose-40-per-cent-quota-for-women-on-boards-of-large-companies-by-2026,09/06/2022,en,euronews
Switzerland Ex-FIFA officials Blatter and Platini go on trial for corruption,https://static.euronews.com/articles/stories/06/76/31/08/400x225_cmsv2_678eb7e5-649d-5cac-9a17-742ccaf4fcea-6763108.jpg,https://www.euronews.com//2022/06/08/ex-fifa-officials-blatter-and-platini-go-on-trial-in-switzerland-for-corruption,09/06/2022,en,euronews
"Ludovic Tezier shines in Verdi's dark epic ''Simon Boccanegra""",https://static.euronews.com/articles/stories/06/28/48/86/400x225_cmsv2_b5690cd8-a8c6-55ab-aae2-5213e4245406-6284886.jpg,https://www.euronews.com//culture/2021/12/23/ludovic-tezier-shines-in-verdi-s-dark-epic-simon-boccanegra,09/06/2022,en,euronews
Partner content Managing hypergrowth: A conversation with SAP and HR scaleup Remote,https://static.euronews.com/articles/stories/06/76/32/28/400x225_cmsv2_ad76a284-e42d-5d97-a987-b4a11e930537-6763228.jpg,https://www.euronews.com//next/2022/06/08/managing-hypergrowth-a-conversation-with-sap-and-hr-scaleup-remote,09/06/2022,en,euronews
Green News 'The sea is clean': People in Gaza finally swim on their beaches again,https://static.euronews.com/articles/stories/06/76/57/28/400x225_cmsv2_b7a6324a-d819-54db-8cbb-50f709f868d2-6765728.jpg,https://www.euronews.com//green/2022/06/09/people-of-gaza-swim-in-crystal-blue-sea-again-as-sewage-pollution-finally-clears,09/06/2022,en,euronews
Travel News Should I cancel my flight this summer? We asked an expert,https://static.euronews.com/articles/stories/06/76/63/64/400x225_cmsv2_51bb1e2c-c4e1-59fb-b7f6-671dad308465-6766364.jpg,https://www.euronews.com//travel/2022/06/09/why-you-shouldn-t-cancel-your-flight-this-summer-according-to-travel-experts,09/06/2022,en,euronews
Hear Spotify: how two Swedish guys took over music streaming,https://static.euronews.com/articles/stories/06/76/57/84/400x225_cmsv2_6817eea3-f024-5b19-b8c1-7216266f8580-6765784.jpg,https://www.euronews.com//culture/2022/06/09/spotify-wants-a-billion-users-by-2030-how-did-a-swedish-app-take-over-the-music-streaming-,09/06/2022,en,euronews
"Auxin Solar, le petit poucet du photovoltaïque américain qui a mis tout un secteur à genou",https://s.france24.com/media/display/c0cada58-e801-11ec-a39b-005056bf30b7/w:388/p:16x9/090622-solar-panel-usa-m.jpg,https://www.france24.com/fr/%C3%A9co-tech/20220609-auxin-solar-le-petit-poucet-du-photovolta%C3%AFque-am%C3%A9ricain-qui-a-mis-tout-un-secteur-%C3%A0-genou,09/06/2022,fr,france24
"Mali : la junte ""coupe l'herbe sous le pied"" de la Cédéao en annonçant une transition de deux ans",https://s.france24.com/media/display/ca9d211c-72ef-11ec-b788-005056a90284/w:388/p:16x9/2022-01-11T132727Z_409603556_RC21XR9AMZ73_RTRMADP_3_MALI-SECURITY-FRANCE.JPG,https://www.france24.com/fr/afrique/20220609-mali-la-junte-coupe-l-herbe-sous-le-pied-de-la-c%C3%A9d%C3%A9ao-en-annon%C3%A7ant-une-transition-de-deux-ans,09/06/2022,fr,france24
En direct : trois combattants étrangers condamnés à mort par la justice de Donetsk,https://s.france24.com/media/display/f8c9717e-e7a9-11ec-ba3b-005056a9a7b9/w:388/p:16x9/000_32C248T.jpg,https://www.france24.com/fr/europe/20220609-en-direct-la-bataille-de-severodonetsk-est-l-une-des-plus-difficiles-selon-kiev,09/06/2022,fr,france24
"Chaos au Stade de France : le préfet Didier Lallement reconnaît un ""échec""",https://s.france24.com/media/display/ac02122a-e7d0-11ec-a7b1-005056bf30b7/w:388/p:16x9/000_32C69T3.jpg,https://www.france24.com/fr/france/20220609-chaos-au-stade-de-france-le-pr%C3%A9fet-lallement-reconna%C3%AEt-un-%C3%A9chec,09/06/2022,fr,france24
"Face à l'inflation, la BCE va relever ses taux pour la première fois en onze ans",https://s.france24.com/media/display/63236df6-e7f8-11ec-b3a8-005056a97e36/w:388/p:16x9/000_32C77EM.jpg,https://www.france24.com/fr/europe/20220609-face-%C3%A0-l-inflation-la-bce-va-relever-ses-taux-au-cours-des-prochains-mois,09/06/2022,fr,france24
"Fifa : au procès pour escroquerie de Michel Platini et Sepp Blatter, le choc des cultures",https://s.france24.com/media/display/829698de-e7ee-11ec-90bf-005056a9a7b9/w:388/p:16x9/000_32C44MF.jpg,https://www.france24.com/fr/sports/20220609-fifa-au-proc%C3%A8s-pour-escroquerie-de-michel-platini-et-sepp-blatter-le-choc-des-cultures,09/06/2022,fr,france24
"Ministres en danger, dissidences, personnalités… Les circonscriptions à suivre pour les législatives",https://s.france24.com/media/display/31e94ae0-e7f7-11ec-8608-005056a97e36/w:388/p:16x9/assemble-france-v2.png,https://www.france24.com/fr/france/20220609-ministres-en-danger-dissidences-personnalit%C3%A9s-les-circonscriptions-%C3%A0-suivre-pour-les-l%C3%A9gislatives,09/06/2022,fr,france24
"Législatives : Quitterie de Villepin, une candidature pour redonner goût à la politique",https://s.france24.com/media/display/1c379884-e728-11ec-a6bc-005056bf30b7/w:246/p:16x9/France-Legislatives2022-QuitterieDeVillepin.jpg,https://www.france24.com/fr/france/20220608-l%C3%A9gislatives-quitterie-de-villepin-une-candidature-pour-redonner-go%C3%BBt-%C3%A0-la-politique,09/06/2022,fr,france24
Comprendre les élections législatives françaises en six questions,https://s.france24.com/media/display/0a2fcedc-71e4-11eb-9524-005056bff430/w:246/p:16x9/2021-01-26T141945Z_1491953626_RC2QFL9B93E5_RTRMADP_3_HEALTH-CORONAVIRUS-FRANCE.JPG,https://www.france24.com/fr/france/20220427-comprendre-les-%C3%A9lections-l%C3%A9gislatives-fran%C3%A7aises-en-six-questions,09/06/2022,fr,france24
Législatives : les clips de campagne du 1er tour,https://s.france24.com/media/display/4cfb20ec-e01d-11ec-834e-005056a9a7b9/w:246/p:16x9/Legislatives%202022-CLIPS-de-campagne-main-1920x1080-FR.png,https://www.france24.com/fr/france/20220609-l%C3%A9gislatives-les-clips-de-campagne-du-1er-tour,09/06/2022,fr,france24
"Au Mozambique, une brigade de police locale 100 % féminine contre les violences sur les femmes",https://s.france24.com/media/display/8f61a0fc-e7ff-11ec-8750-005056a9a7b9/w:388/p:16x9/000_32BJ9PJ.jpg,https://www.france24.com/fr/vid%C3%A9o/20220609-au-mozambique-une-brigade-de-police-locale-100-f%C3%A9minine-contre-les-violences-sur-les-femmes,09/06/2022,fr,france24
Guerre en Ukraine : Russie cherche soldats désespérément,https://s.france24.com/media/display/e12350f0-e73e-11ec-89fa-005056a97e36/w:388/p:16x9/080622-russie-soldat-plombs-m.JPG,https://www.france24.com/fr/europe/20220608-guerre-en-ukraine-russie-cherche-soldats-d%C3%A9sesp%C3%A9r%C3%A9ment,09/06/2022,fr,france24
"Grève des magistrats en Tunisie : ""Exposer la vie privée des femmes, est-ce digne du président ?""",https://s.france24.com/media/display/95630608-e7c3-11ec-a660-005056bfb2b6/w:388/p:16x9/Tunisie-Juges-Manif.jpg,https://www.france24.com/fr/afrique/20220609-gr%C3%A8ve-des-magistrats-en-tunisie-exposer-la-vie-priv%C3%A9e-des-femmes-est-ce-digne-du-pr%C3%A9sident,09/06/2022,fr,france24
Tuerie d'Uvalde : une fillette rescapée livre un témoignage glaçant au Congrès américain,https://s.france24.com/media/display/5acbc408-e791-11ec-9f4b-005056a97e36/w:388/p:16x9/2022-06-08T154446Z_31024723_RC2QNU9U3P4B_RTRMADP_3_USA-GUNS.JPG,https://www.france24.com/fr/am%C3%A9riques/20220609-une-rescap%C3%A9e-de-la-tuerie-d-uvalde-livre-un-t%C3%A9moignage-gla%C3%A7ant-au-congr%C3%A8s-am%C3%A9ricain,09/06/2022,fr,france24
Assaut du Capitole : une commission parlementaire présente ses premières conclusions,https://s.france24.com/media/display/30aa1a7c-6a37-11eb-9bee-005056a964fe/w:388/p:16x9/000_92E63U.jpg,https://www.france24.com/fr/am%C3%A9riques/20220609-assaut-du-capitole-une-commission-parlementaire-pr%C3%A9sente-ses-premi%C3%A8res-conclusions,09/06/2022,fr,france24
Les chars de la discorde : bientôt des Leopard 2 en Ukraine ?,https://s.france24.com/media/display/8c188b9a-e66a-11ec-a81a-005056bf30b7/w:388/p:16x9/070622-leopard-tank-all-ukraine-m.jpg,https://www.france24.com/fr/europe/20220607-les-chars-de-la-discorde-bient%C3%B4t-des-leopard-2-en-ukraine,09/06/2022,fr,france24
"Covid-19 : à Shanghai, retour à une vie pas si normale après deux mois de confinement",https://s.france24.com/media/display/be634282-e71b-11ec-85b4-005056bfb2b6/w:246/p:16x9/000_32BQ6TC.jpg,https://www.france24.com/fr/asie-pacifique/20220608-covid-19-%C3%A0-shanghai-retour-%C3%A0-une-vie-pas-si-normale-apr%C3%A8s-deux-mois-de-confinement,09/06/2022,fr,france24
"Protéger les vagues, une première en France dans un village breton",https://s.france24.com/media/display/c8d3f5d8-e732-11ec-82d3-005056bfb2b6/w:246/p:16x9/000_32B76KY.jpg,https://www.france24.com/fr/france/20220608-prot%C3%A9ger-les-vagues-une-premi%C3%A8re-en-france-dans-un-village-breton,09/06/2022,fr,france24
"Les algues marines, une piste prometteuse pour la préservation de la planète",https://s.france24.com/media/display/d84dd970-841d-11ec-9ed8-005056a97e36/w:246/p:16x9/000_9698NC.jpg,https://www.france24.com/fr/france/20220608-les-algues-marines-une-piste-prometteuse-pour-la-pr%C3%A9servation-de-la-plan%C3%A8te,09/06/2022,fr,france24
Automobile : le Parlement européen vote la fin des moteurs thermiques en 2035,https://s.france24.com/media/display/9928a0f4-e796-11ec-bd0c-005056a97e36/w:388/p:16x9/2022-06-08T164053Z_790696574_RC2RNU95PT9C_RTRMADP_3_CLIMATE-CHANGE-EU-AUTOS.JPG,https://www.france24.com/fr/%C3%A9co-tech/20220609-automobile-le-parlement-europ%C3%A9en-vote-la-fin-des-moteurs-thermiques-en-2035,09/06/2022,fr,france24
Ligue 1 : Alexandre Lacazette de retour à Lyon,https://s.france24.com/media/display/694f778c-e7c7-11ec-b930-005056a9a7b9/w:388/p:16x9/000_OO0I6.jpg,https://www.france24.com/fr/sports/20220609-ligue-1-alexandre-lacazette-de-retour-%C3%A0-lyon,09/06/2022,fr,france24
Nucléaire iranien : l'Agence de l'énergie atomique rappelle à l'ordre Téhéran,https://s.france24.com/media/display/f05c344c-72a5-11eb-936f-005056bf87d6/w:388/p:16x9/IRAN%202.jpg,https://www.france24.com/fr/asie-pacifique/20220608-nucl%C3%A9aire-iranien-l-agence-de-l-%C3%A9nergie-atomique-rappelle-%C3%A0-l-ordre-t%C3%A9h%C3%A9ran,09/06/2022,fr,france24
Sahara occidental : l'Algérie suspend le traité de coopération avec l'Espagne,https://s.france24.com/media/display/8645f142-e743-11ec-af64-005056a97e36/w:388/p:16x9/2021-10-04T000000Z_402010734_MT1ABCPR783153001_RTRMADP_3_ABACA-PRESS%281%29.JPG,https://www.france24.com/fr/afrique/20220608-sahara-occidental-l-alg%C3%A9rie-suspend-le-trait%C3%A9-de-coop%C3%A9ration-avec-l-espagne,09/06/2022,fr,france24
États-Unis : les réfugiés afghans accueillis à bras ouverts au Texas,https://s.france24.com/media/display/71778f18-e7ee-11ec-9223-005056bf30b7/w:388/p:16x9/XX%20NW%20OOV%20ECRAN%20AFGHANS%20IN%20TEXAS.jpg,https://www.france24.com/fr/%C3%A9missions/focus/20220609-%C3%A9tats-unis-les-r%C3%A9fugi%C3%A9s-afghans-accueillis-%C3%A0-bras-ouverts-au-texas,09/06/2022,fr,france24
Exposition : Picasso à l'heure de #MeToo,https://s.france24.com/media/display/28f863ae-e7f6-11ec-8a9c-005056a97e36/w:246/p:16x9/CLEAN%20A%20L%20AFFICHE%2009-06-2022%2011-01-00_frame_57735.png,https://www.france24.com/fr/%C3%A9missions/%C3%A0-l-affiche/20220609-exposition-picasso-%C3%A0-l-heure-de-metoo,09/06/2022,fr,france24
Caravane de migrants : un sujet de tensions entre le Mexique et les États-Unis,https://s.france24.com/media/display/a5787158-e733-11ec-a800-005056a97e36/w:246/p:16x9/cap%20ameriques%20MIGRANT%20CARAVAN.jpg,https://www.france24.com/fr/%C3%A9missions/cap-am%C3%A9riques/20220609-caravane-de-migrants-un-sujet-de-tensions-entre-le-mexique-et-les-%C3%A9tats-unis,09/06/2022,fr,france24
"En RD Congo, le roi Philippe renouvelle ses ""regrets"" mais ne présente pas d'excuses",https://s.france24.com/media/display/10510ec6-e771-11ec-b876-005056a9a7b9/w:246/p:16x9/FR%20NW%20ENROBE%20ROI%20DES%20BELGES%20sot%20afp%20.transfer.jpg,https://www.france24.com/fr/%C3%A9missions/journal-de-l-afrique/20220608-en-rd-congo-le-roi-philippe-renouvelle-ses-regrets-mais-ne-pr%C3%A9sente-pas-d-excuses,09/06/2022,fr,france24
Frontière maritime contestée : tensions entre le Liban et Israël autour du gaz offshore,https://s.france24.com/media/display/3bd73dd8-e670-11ec-8562-005056a97e36/w:246/p:16x9/expressorient%20LIBAN%20ISRAEL%20GAZ%20DISPUTE.jpg,https://www.france24.com/fr/%C3%A9missions/express-orient/20220608-fronti%C3%A8re-maritime-contest%C3%A9e-tensions-entre-le-liban-et-isra%C3%ABl-autour-du-gaz-offshore,09/06/2022,fr,france24
La Transnistrie dans l'ombre de la guerre en Ukraine,https://s.france24.com/media/display/b8b50edc-e26c-11ec-a059-005056a97e36/w:246/p:16x9/XX%20PUSH%20PICTURE%20RER%20TRANSNISTRIE.jpg,https://www.france24.com/fr/%C3%A9missions/reporters/20220603-la-transnistrie-dans-l-ombre-de-la-guerre-en-ukraine,09/06/2022,fr,france24
"Sommet des Amériques : en ouverture, Joe Biden défend la démocratie sur le continent",https://s.france24.com/media/display/8d12d09e-e79d-11ec-9773-005056bf30b7/w:388/p:16x9/2022-06-09T020836Z_1231706425_RC22OU9CI6O5_RTRMADP_3_AMERICAS-SUMMIT.JPG,https://www.france24.com/fr/am%C3%A9riques/20220609-la-d%C3%A9mocratie-un-%C3%A9l%C3%A9ment-essentiel-pour-l-avenir-des-am%C3%A9riques-selon-joe-biden,09/06/2022,fr,france24
"Vice-ministre ukrainien de la transformation digitale : l'Ukraine est ""en guerre numérique depuis 2014""",https://s.france24.com/media/display/515b7a3c-e72b-11ec-a361-005056bf30b7/w:388/p:16x9/FRTK%20L%27ENTRETIEN%20DUBINSKIY%200608%20%282022%29_%20Ep%20101.jpg,https://www.france24.com/fr/%C3%A9missions/l-entretien/20220608-vice-ministre-ukrainien-de-la-transformation-digitale-l-ukraine-est-en-guerre-num%C3%A9rique-depuis-2014,09/06/2022,fr,france24
"Severodonetsk ""en grande partie"" sous contrôle russe, selon le gouverneur de Louhansk",https://s.france24.com/media/display/7974a128-e759-11ec-a6f2-005056a97e36/w:388/p:16x9/Severodonetsk%20.jpg,https://www.france24.com/fr/europe/20220608-en-direct-le-pr%C3%A9sident-ukrainien-promet-une-d%C3%A9fense-h%C3%A9ro%C3%AFque-%C3%A0-severodonetsk,09/06/2022,fr,france24
"Crise des urgences à l'hôpital : le gouvernement dévoile une série de ""premières mesures""",https://s.france24.com/media/display/2a13e8de-e72f-11ec-9daa-005056bf30b7/w:388/p:16x9/000_MP8QG%281%29.jpg,https://www.france24.com/fr/france/20220608-crise-des-urgences-%C3%A0-l-h%C3%B4pital-le-gouvernement-d%C3%A9voile-une-s%C3%A9rie-de-premi%C3%A8res-mesures,09/06/2022,fr,france24
Vatican : pourquoi les rumeurs d'une abdication du pape François vont bon train,https://s.france24.com/media/display/7a50331e-e6af-11ec-afd4-005056a97e36/w:388/p:16x9/Pape%20Fran%C3%A7ois%2C%204%20juin%202022_%20AFP.jpg,https://www.france24.com/fr/europe/20220608-vatican-pourquoi-les-rumeurs-d-une-abdication-du-pape-fran%C3%A7ois-vont-bon-train,09/06/2022,fr,france24
"En Thaïlande, l'incroyable marché de la voie ferrée de Maeklong retrouve ses touristes",https://s.france24.com/media/display/e6c2d694-e738-11ec-ba3a-005056a9a7b9/w:246/p:16x9/thailande.JPG,https://www.france24.com/fr/vid%C3%A9o/20220608-en-tha%C3%AFlande-l-incroyable-march%C3%A9-de-la-voie-ferr%C3%A9e-de-maeklong-retrouve-ses-touristes,09/06/2022,fr,france24
"Exposition ""Dicokam"" : la nouvelle génération d’artistes camerounais à l’honneur",https://s.france24.com/media/display/a37b612c-e674-11ec-b3ce-005056bfb2b6/w:246/p:16x9/vignette%20dicokam.PNG,https://www.france24.com/fr/vid%C3%A9o/20220607-exposition-dicokam-la-nouvelle-g%C3%A9n%C3%A9ration-d-artistes-camerounais-%C3%A0-l-honneur,09/06/2022,fr,france24
Inde : quand les violences conjugales poussent au suicide,https://s.france24.com/media/display/bc79aec8-e673-11ec-b66c-005056bfb2b6/w:246/p:16x9/Capture%20d%E2%80%99e%CC%81cran%202022-06-07%20a%CC%80%2017.07.42.png,https://www.france24.com/fr/vid%C3%A9o/20220607-inde-quand-les-violences-conjugales-poussent-au-suicide,09/06/2022,fr,france24
Fact or fake : le locataire de l'Élysée est-il à la tête de l'Union Européenne ?,https://s.france24.com/media/display/ca44aa1e-c6f0-11ec-acc0-005056a97e36/w:388/p:16x9/FR%20WB%20FACT%20FAKE%20MELENCHON.jpg,https://www.france24.com/fr/%C3%A9missions/contre-faits/20220429-fact-or-fake-le-locataire-de-l-%C3%A9lys%C3%A9e-est-il-%C3%A0-la-t%C3%AAte-de-l-union-europ%C3%A9enne,09/06/2022,fr,france24
Macron 2 : une impulsion pour les Européens ?,https://s.france24.com/media/display/f0203e40-c6e3-11ec-8cb4-005056bfb2b6/w:388/p:16x9/Debat%20Macron%20FR%20PAD.jpg,https://www.france24.com/fr/%C3%A9missions/ici-l-europe/20220429-macron-2-une-impulsion-pour-les-europ%C3%A9ens,09/06/2022,fr,france24
Elles sont l'avenir de l'Europe,https://s.france24.com/media/display/e164ec3e-93fd-11ec-959f-005056a90284/w:388/p:16x9/cofoe-fr.jpg,https://www.france24.com/fr/%C3%A9missions/ici-l-europe/20220408-elles-sont-l-avenir-de-l-europe,09/06/2022,fr,france24
E-sport : les clichés passés au crible,https://s.france24.com/media/display/53ba4208-e362-11ec-8a21-005056a9a7b9/w:388/p:16x9/capture-713994176629a444f2420a8.52170765.jpg,https://www.france24.com/fr/%C3%A9missions/tech-24/20220603-e-sport-les-clich%C3%A9s-pass%C3%A9s-au-crible,09/06/2022,fr,france24
"Rachat de Twitter : Elon Musk et la Chine, des liaisons dangereuses pour la sécurité américaine ?",https://s.france24.com/media/display/1d76c18e-e34f-11ec-928e-005056bfb2b6/w:388/p:16x9/030622-musk-tesla-china-m.jpg,https://www.france24.com/fr/%C3%A9co-tech/20220603-rachat-de-twitter-elon-musk-et-la-chine-des-liaisons-dangereuses-pour-la-s%C3%A9curit%C3%A9-am%C3%A9ricaine,09/06/2022,fr,france24
"L'illectronisme, cette inégalité face au numérique que l'on aurait tort d'ignorer",https://s.france24.com/media/display/c19ab7f4-ddd5-11ec-859a-005056bfb2b6/w:388/p:16x9/capture-13101384836290f4fca0a7b4.92684769.jpg,https://www.france24.com/fr/%C3%A9missions/tech-24/20220527-l-illectronisme-cette-in%C3%A9galit%C3%A9-face-au-num%C3%A9rique-que-l-on-aurait-tort-d-ignorer,09/06/2022,fr,france24
"Pour sauver la planète ""il faut rester actif, pas optimiste""",https://s.france24.com/media/display/9dd8a028-e7ef-11ec-9553-005056bf30b7/w:388/p:16x9/FR_20220608_200908_201456_CS.jpg,https://www.france24.com/fr/vid%C3%A9o/20220609-pour-sauver-la-plan%C3%A8te-il-faut-rester-actif-pas-optimiste,09/06/2022,fr,france24
Vendre dans le nouveau monde du travail,https://s.france24.com/media/display/c2447bc2-d81c-11ec-bc27-005056bfb2b6/w:388/p:16x9/BR%201_Photo.jpg,https://www.france24.com/fr/contenus-partenaires/20220523-vendre-dans-le-nouveau-monde-du-travail,09/06/2022,fr,france24
"Accounts of interrogations, strip-searches emerge from Russian ‘filtration’ camps in Ukraine",https://s.france24.com/media/display/d974febe-e7f0-11ec-b5e4-005056bfb2b6/w:388/p:16x9/AP22126707784008.jpg,https://www.france24.com/en/europe/20220609-accounts-of-interrogations-strip-searches-emerge-in-russian-filtration-camps-in-ukraine,09/06/2022,en,france24
Paris police chief admits ‘failure’ after Champions League fiasco,https://s.france24.com/media/display/ac02122a-e7d0-11ec-a7b1-005056bf30b7/w:388/p:16x9/000_32C69T3.jpg,https://www.france24.com/en/europe/20220609-paris-police-chief-admits-failure-after-champions-league-fiasco,09/06/2022,en,france24
Live: Donetsk court issues death sentences to captured foreign fighters,https://s.france24.com/media/display/33eb5db0-e6fd-11ec-97ab-005056bfb2b6/w:388/p:16x9/black-sea.jpg,https://www.france24.com/en/europe/20220609-live-zelensky-ties-fate-of-donbas-to-battle-for-severodonetsk,09/06/2022,en,france24
Macron calls for strong parliament majority to avoid 'French disorder',https://s.france24.com/media/display/3dab4ff8-e7ee-11ec-ba4b-005056a9a7b9/w:388/p:16x9/000_32C74EA.jpg,https://www.france24.com/en/europe/20220609-macron-calls-for-strong-parliament-majority-to-avoid-french-disorder,09/06/2022,en,france24
EU Parliament approves ban on new fossil-fuel cars from 2035,https://s.france24.com/media/display/9928a0f4-e796-11ec-bd0c-005056a97e36/w:388/p:16x9/2022-06-08T164053Z_790696574_RC2RNU95PT9C_RTRMADP_3_CLIMATE-CHANGE-EU-AUTOS.JPG,https://www.france24.com/en/europe/20220609-eu-parliament-approves-ban-on-new-fossil-fueled-cars-by-2035,09/06/2022,en,france24
'Filled with garbage': Kathmandu chokes as trash piles up,https://s.france24.com/media/display/97c34cf2-e807-11ec-83b1-005056bf30b7/w:388/p:16x9/2022-06-09T084209Z_1_LWD366609062022RP1_RTRWNEV_C_3666-NEPAL-GARBAGE.MP4.00_00_12_08.Still002.jpg,https://www.france24.com/en/video/20220609-filled-with-garbage-kathmandu-chokes-as-trash-piles-up,09/06/2022,en,france24
"‘Macron is right’ to want to avoid humiliating Russia, Le Pen and Mélenchon say",https://s.france24.com/media/display/0306d6a2-8834-11ec-8832-005056bf30b7/w:388/p:16x9/000_9YM6VE.jpg,https://www.france24.com/en/europe/20220609-macron-is-right-to-want-to-avoid-humiliating-russia-le-pen-and-m%C3%A9lenchon-say,09/06/2022,en,france24
"As France returns to the polls, can Mélenchon’s left deprive Macron of a majority?",https://s.france24.com/media/display/9b6e95e2-e71b-11ec-9a98-005056bfb2b6/w:246/p:16x9/meluche-affiche.jpg,https://www.france24.com/en/france/20220608-as-france-returns-to-the-polls-can-m%C3%A9lenchon-s-left-deprive-macron-of-a-majority,09/06/2022,en,france24
France votes again: What's at stake in the legislative elections?,https://s.france24.com/media/display/0a7f94c0-e723-11ec-a1b6-005056bf30b7/w:246/p:16x9/EN%20NEWS%2008_06_2022%2011_59_30.Sub.01.jpg,https://www.france24.com/en/tv-shows/french-connections/20220608-france-votes-again-what-s-at-stake-in-the-legislative-elections,09/06/2022,en,france24
Paris shooting thrusts police violence into the spotlight as French legislative elections loom,https://s.france24.com/media/display/41917efc-e65f-11ec-b29d-005056a97e36/w:246/p:16x9/France%20police.jpg,https://www.france24.com/en/europe/20220607-paris-shooting-thrusts-police-violence-into-the-spotlight-as-french-legislative-elections-loom,09/06/2022,en,france24
Disney snubs French cinemas in streaming row,https://s.france24.com/media/display/8d04ad8e-e7ca-11ec-934d-005056bfb2b6/w:388/p:16x9/capture-166127097662a1a9279091a2.92257977.jpg,https://www.france24.com/en/france/20220609-disney-snubs-french-cinemas-in-streaming-row,09/06/2022,en,france24
Blatter tells Swiss court he struck 'gentlemen's agreement' with Platini,https://s.france24.com/media/display/829698de-e7ee-11ec-90bf-005056a9a7b9/w:388/p:16x9/000_32C44MF.jpg,https://www.france24.com/en/sport/20220609-platini-was-worth-a-million-francs-a-year-blatter-tells-swiss-court,09/06/2022,en,france24
Uvalde survivor tells Congress she covered herself in blood to save her life,https://s.france24.com/media/display/5acbc408-e791-11ec-9f4b-005056a97e36/w:388/p:16x9/2022-06-08T154446Z_31024723_RC2QNU9U3P4B_RTRMADP_3_USA-GUNS.JPG,https://www.france24.com/en/americas/20220609-uvalde-fourth-grader-tells-congress-she-played-dead-to-save-her-life,09/06/2022,en,france24
"Shipping movement continues in the Black Sea despite Ukraine war, sanctions",https://s.france24.com/media/display/9b9b170e-e4d5-11ec-9b52-005056a9a7b9/w:388/p:16x9/000_32BT7JM.jpg,https://www.france24.com/en/europe/20220605-maritime-trade-continues-in-the-black-sea-despite-ukraine-war-sanctions,09/06/2022,en,france24
Russian speakers reject the 'language of the enemy' by learning Ukrainian,https://s.france24.com/media/display/88859d76-df5b-11ec-b183-005056bfb2b6/w:246/p:16x9/IMG_2364.JPG,https://www.france24.com/en/europe/20220530-russian-speakers-in-ukraine-reject-the-language-of-the-enemy-by-learning-ukrainian,09/06/2022,en,france24
Population decline in Russia: ‘Putin has no choice but to win’ in Ukraine,https://s.france24.com/media/display/19323bc2-d8ea-11ec-8827-005056bfb2b6/w:246/p:16x9/000_1H835Q.jpg,https://www.france24.com/en/europe/20220524-population-decline-in-russia-putin-has-no-other-choice-but-to-win-in-ukraine,09/06/2022,en,france24
"After Queen Elizabeth, what future for the Commonwealth?",https://s.france24.com/media/display/c6dcb936-e354-11ec-9f97-005056bf30b7/w:246/p:16x9/2022-05-23T112538Z_1009946246_RC2YCU9SLBVK_RTRMADP_3_BRITAIN-ROYALS-PLATINUM-JUBILEE-COMMONWEALTH.JPG,https://www.france24.com/en/uk/20220604-after-queen-elizabeth-what-does-the-future-hold-for-the-commonwealth,09/06/2022,en,france24
Biden lays out Latin America economic plan at summit marred by no-shows,https://s.france24.com/media/display/8d12d09e-e79d-11ec-9773-005056bf30b7/w:388/p:16x9/2022-06-09T020836Z_1231706425_RC22OU9CI6O5_RTRMADP_3_AMERICAS-SUMMIT.JPG,https://www.france24.com/en/americas/20220609-biden-lays-out-latin-america-economic-plan-at-summit-marred-by-no-shows,09/06/2022,en,france24
‘This is not a game’: US girds for primetime hearings on January 6 attack,https://s.france24.com/media/display/dd7e38ee-6c5e-11ec-9bde-005056bfb2b6/w:388/p:16x9/063_1230457865.jpg,https://www.france24.com/en/americas/20220608-this-is-not-a-game-us-girds-for-primetime-hearings-on-jan-6-attack,09/06/2022,en,france24
Iran disconnects nuclear site cameras as IAEA raises concern over uranium traces,https://s.france24.com/media/display/f05c344c-72a5-11eb-936f-005056bf87d6/w:388/p:16x9/IRAN%202.jpg,https://www.france24.com/en/europe/20220608-un-s-iaea-passes-resolution-criticising-iran-over-uranium-traces,09/06/2022,en,france24
Algeria suspends Spain co-operation treaty over Western Sahara dispute,https://s.france24.com/media/display/8645f142-e743-11ec-af64-005056a97e36/w:388/p:16x9/2021-10-04T000000Z_402010734_MT1ABCPR783153001_RTRMADP_3_ABACA-PRESS%281%29.JPG,https://www.france24.com/en/africa/20220608-algeria-suspends-spain-co-operation-treaty-over-western-sahara-dispute,09/06/2022,en,france24
"Donald Trump, adult children to testify in New York fraud probe in July",https://s.france24.com/media/display/2fc1c784-9058-11ec-b868-005056a90321/w:388/p:16x9/Trump%20and%20hijos.jpg,https://www.france24.com/en/americas/20220608-donald-trump-ivanka-trump-jr-to-testify-in-new-york-fraud-probe-in-july,09/06/2022,en,france24
Afghan refugees welcomed with open arms in US state of Texas,https://s.france24.com/media/display/71778f18-e7ee-11ec-9223-005056bf30b7/w:388/p:16x9/XX%20NW%20OOV%20ECRAN%20AFGHANS%20IN%20TEXAS.jpg,https://www.france24.com/en/tv-shows/focus/20220609-afghan-refugees-welcomed-with-open-arms-in-us-state-of-texas,09/06/2022,en,france24
"Actress Jessie Buckley on punk, provocative horror flick 'Men'",https://s.france24.com/media/display/541cec70-e7f7-11ec-91ab-005056bf30b7/w:246/p:16x9/CLEAN%20A%20L%20AFFICHE%2009-06-2022%2011-01-00_frame_21105.png,https://www.france24.com/en/tv-shows/encore/20220609-actress-jessie-buckley-on-punk-provocative-horror-flick-men,09/06/2022,en,france24
"The price of war: OECD warns of slowing growth, high inflation",https://s.france24.com/media/display/7cc7852a-e7fe-11ec-9765-005056a9a7b9/w:246/p:16x9/laurenceboone.jpg,https://www.france24.com/en/tv-shows/people-profit/20220609-the-price-of-war-oecd-warns-of-slowing-growth-high-inflation,09/06/2022,en,france24
Disney pulls 'Strange World' from French cinemas over media timeline row,https://s.france24.com/media/display/8d04ad8e-e7ca-11ec-934d-005056bfb2b6/w:246/p:16x9/capture-166127097662a1a9279091a2.92257977.jpg,https://www.france24.com/en/tv-shows/business-daily/20220609-disney-pulls-strange-world-from-french-cinemas-over-media-timeline-row,09/06/2022,en,france24
Transnistria: Moldova's breakaway region in the shadow of war in Ukraine,https://s.france24.com/media/display/b8b50edc-e26c-11ec-a059-005056a97e36/w:246/p:16x9/XX%20PUSH%20PICTURE%20RER%20TRANSNISTRIE.jpg,https://www.france24.com/en/tv-shows/reporters/20220603-transnistria-moldova-s-breakaway-region-in-the-shadow-of-war-in-ukraine,09/06/2022,en,france24
Man charged with plotting murder of US Supreme Court Justice Brett Kavanaugh,https://s.france24.com/media/display/eab01d70-e73d-11ec-ad31-005056a9a7b9/w:388/p:16x9/Kavanaugh%20-%20archives.jpg,https://www.france24.com/en/americas/20220608-armed-man-arrested-near-us-supreme-court-justice-brett-kavanaugh-s-home,09/06/2022,en,france24
Prosecutors begin closing arguments in Paris 2015 attacks trial,https://s.france24.com/media/display/c2f8febc-e721-11ec-b252-005056bf30b7/w:388/p:16x9/000_328C4P4-2.jpg,https://www.france24.com/en/europe/20220608-prosecutors-begin-closing-arguments-in-paris-2015-attacks-trial,09/06/2022,en,france24
Eight go on trial for stealing Banksy artwork from Paris attacks site,https://s.france24.com/media/display/0a34f2f6-c5f8-11ea-ba5a-005056bf87d6/w:388/p:16x9/Banksy%20return%20Italy.JPG,https://www.france24.com/en/europe/20220608-eight-go-on-trial-for-stealing-banksy-artwork-from-paris-attack-site,09/06/2022,en,france24
"Belgian king reiterates regrets for colonial past in DR Congo, stops short of apology",https://s.france24.com/media/display/5d4cdf70-e71c-11ec-9a58-005056a97e36/w:388/p:16x9/000_32C434Q.jpg,https://www.france24.com/en/africa/20220608-belgian-king-reiterates-regrets-for-colonial-past-in-dr-congo-stops-short-of-apology,09/06/2022,en,france24
Oceans of opportunity: How seaweed can help fight climate change,https://s.france24.com/media/display/d84dd970-841d-11ec-9ed8-005056a97e36/w:388/p:16x9/000_9698NC.jpg,https://www.france24.com/en/europe/20220608-oceans-of-opportunity-how-seaweed-can-help-fight-climate-change,09/06/2022,en,france24
'A little bit of panic': Thai railway market makes post-pandemic comeback,https://s.france24.com/media/display/3bd66014-e73f-11ec-a878-005056a9a7b9/w:388/p:16x9/000_32BY6K9.jpg,https://www.france24.com/en/video/20220608-a-little-bit-of-panic-thai-railway-market-makes-post-pandemic-comeback,09/06/2022,en,france24
A country 'worth defending': Finnish women learn defence skills amid Russia fears,https://s.france24.com/media/display/3af168d4-e67b-11ec-8149-005056a9a7b9/w:246/p:16x9/2022-06-06T165709Z_1250911142_RC2EGU948OTT_RTRMADP_3_UKRAINE-CRISIS-FINLAND-DEFENCE.JPG,https://www.france24.com/en/video/20220607-a-country-worth-defending-finnish-women-learn-defence-skills-amid-russia-fears,09/06/2022,en,france24
Bangkok celebrates first Pride parade in 16 years,https://s.france24.com/media/display/85dc0de4-e5a5-11ec-99d1-005056a9a7b9/w:246/p:16x9/S%C3%A9quence%2001.00_05_18_20.Still001.jpg,https://www.france24.com/en/video/20220606-bangkok-celebrates-first-pride-parade-in-16-years,09/06/2022,en,france24
Debunking claims that the French president is the head of the EU,https://s.france24.com/media/display/92ac12a0-c631-11ec-9f59-005056a90284/w:388/p:16x9/EN%20MG%20PKG%20FACT%20OR%20FAKE%20MELENCHON%20FOR%20EU%20PARL.jpg,https://www.france24.com/en/tv-shows/fact-or-fake/20220429-debunking-claims-that-the-french-president-is-the-head-of-the-eu,09/06/2022,en,france24
Pro-EU 'Monsieur Europe' Emmanuel Macron re-elected: Europe reacts,https://s.france24.com/media/display/0476d8ae-c6e4-11ec-ac66-005056a97e36/w:388/p:16x9/D%C3%A9bat%20Macron%20EN.jpg,https://www.france24.com/en/tv-shows/talking-europe/20220429-pro-eu-monsieur-europe-emmanuel-macron-re-elected-europe-reacts,09/06/2022,en,france24
Rethinking the EU: The young Europeans reshaping a continent,https://s.france24.com/media/display/fa56525a-93fd-11ec-be2a-005056a90321/w:388/p:16x9/cofoe-en.jpg,https://www.france24.com/en/tv-shows/talking-europe/20220411-rethinking-the-eu-the-young-europeans-reshaping-a-continent,09/06/2022,en,france24
Lagos ex-governor wins Nigeria ruling party's nomination,https://s.france24.com/media/display/12db419e-e76b-11ec-9485-005056bfb2b6/w:388/p:16x9/VIDI32BV2KC_EN.mp4.jpg,https://www.france24.com/en/tv-shows/eye-on-africa/20220608-lagos-ex-governor-wins-nigeria-ruling-party-s-nomination,09/06/2022,en,france24
Is it too late to avoid the worst of the climate crisis?,https://s.france24.com/media/display/5eb22570-e7dd-11ec-af15-005056bf30b7/w:388/p:16x9/capture-124048463462a1c8ba495af9.29328767.jpg,https://www.france24.com/en/tv-shows/perspective/20220609-is-it-too-late-to-avoid-the-worst-of-the-climate-crisis,09/06/2022,en,france24
"Challenge des 7 sommets : Bouchra Baibanou se confie sur cette ""aventure périlleuse""",https://fr.hespress.com/wp-content/uploads/2022/05/bouchra-1.jpeg,https://fr.hespress.com/264025-challenge-des-7-sommets-bouchra-baibanou-se-confie-sur-cette-aventure-perilleuse-2.html,20/05/2022,fr,hespress
La CDG lance sa nouvelle solution « CDG Mobile »,https://fr.hespress.com/wp-content/uploads/2022/05/cdg_mobile-e1652788366271.jpg,https://fr.hespress.com/263367-la-cdg-lance-sa-nouvelle-solution-cdg-mobile-2.html,17/05/2022,fr,hespress
"La position RSF de l'Algérie est ""surréaliste"" comparativement à celle du Maroc",https://fr.hespress.com/wp-content/uploads/2022/05/sehimi-e1651997006235.jpg,https://fr.hespress.com/262016-la-position-rsf-de-lalgerie-est-surrealiste-comparativement-a-celle-du-maroc.html,8/05/2022,fr,hespress
On en sait plus sur l'hépatite infantile d'origine inconnue qui touche les enfants,https://fr.hespress.com/wp-content/uploads/2022/05/Dr-khalid-bouhmouch-hepatite-e1651938588739.jpg,https://fr.hespress.com/261961-on-en-sait-plus-sur-lhepatite-infantile-dorigine-inconnue-qui-touche-les-enfants.html,7/05/2022,fr,hespress
Algérie: Rabah Madjer condamné à six mois de prison ferme,https://fr.hespress.com/wp-content/uploads/2022/06/Rabah-Madjer.jpg,https://fr.hespress.com/267018-algerie-rabah-madjer-condamne-a-six-mois-de-prison-ferme.html,9/06/2022,fr,hespress
Football : Emmanuel Macron souhaite que Zidane revienne en Ligue 1,https://fr.hespress.com/wp-content/uploads/2021/11/zidane-zizou.jpg,https://fr.hespress.com/266999-football-emmanuel-macron-souhaite-que-zidane-revienne-en-ligue-1.html,9/06/2022,fr,hespress
Real Madrid: Modric prolonge jusqu'en juin 2023,https://fr.hespress.com/wp-content/uploads/2022/06/Luka-Modric.jpg,https://fr.hespress.com/266860-real-madrid-modric-prolonge-jusquen-juin-2023.html,8/06/2022,fr,hespress
Affaire FIFA: Blatter et Platini devant le Tribunal pénal fédéral en Suisse,https://fr.hespress.com/wp-content/uploads/2022/06/blatter-platini.jpg,https://fr.hespress.com/266790-affaire-fifa-blatter-et-platini-devant-le-tribunal-penal-federal-en-suisse.html,8/06/2022,fr,hespress
CAN 2023: Une délégation de la CAF en visite en Côte d’Ivoire,https://fr.hespress.com/wp-content/uploads/2022/06/cote-d-ivoire-CAF.jpg,https://fr.hespress.com/266649-can-2023-une-delegation-de-la-caf-en-visite-en-cote-divoire.html,7/06/2022,fr,hespress
"Kylian Mbappe ranks as player with highest estimated transfer value, CIES",https://e1.hespress.com/wp-content/uploads/2022/04/kylian-mbappe-Hakimi.webp,https://en.hespress.com/43580-kylian-mbappe-ranks-as-player-with-highest-estimated-transfer-value-cies.html,8/06/2022,en,hespress
CAN 2023: CAF delegation to conduct an inspection visit to Ivory Coast,https://e1.hespress.com/wp-content/uploads/2022/06/cote-d-ivoire-CAF.webp,https://en.hespress.com/43529-can-2023-caf-delegation-to-conduct-an-inspection-visit-to-ivory-coast.html,7/06/2022,en,hespress
Morocco to participate in 19th edition of Mediterranean games in Algeria,https://e1.hespress.com/wp-content/uploads/2022/06/oran-2022.webp,https://en.hespress.com/43523-morocco-to-participate-in-19th-edition-of-mediterranean-games-in-algeria.html,7/06/2022,en,hespress
Soufiane El Bekkali takes best record of the year in Diamond League,https://e1.hespress.com/wp-content/uploads/2022/06/Soufiane-el-Bakkali4.webp,https://en.hespress.com/43455-soufiane-el-bekkali-takes-best-record-of-the-year-in-diamond-league.html,6/06/2022,en,hespress
